,project_id
871,Kidney Renal Papillary Cell Carcinoma
741,Kidney Renal Papillary Cell Carcinoma
232,Kidney Renal Clear Cell Carcinoma
389,Kidney Renal Clear Cell Carcinoma
119,Kidney Renal Clear Cell Carcinoma
421,Kidney Renal Clear Cell Carcinoma
315,Kidney Renal Clear Cell Carcinoma
30,Kidney Chromophobe
56,Kidney Chromophobe
631,Kidney Renal Papillary Cell Carcinoma
598,Kidney Renal Clear Cell Carcinoma
738,Kidney Renal Papillary Cell Carcinoma
366,Kidney Renal Clear Cell Carcinoma
82,Kidney Renal Clear Cell Carcinoma
261,Kidney Renal Clear Cell Carcinoma
448,Kidney Renal Clear Cell Carcinoma
559,Kidney Renal Clear Cell Carcinoma
527,Kidney Renal Clear Cell Carcinoma
786,Kidney Renal Papillary Cell Carcinoma
545,Kidney Renal Clear Cell Carcinoma
875,Kidney Renal Papillary Cell Carcinoma
891,Kidney Renal Papillary Cell Carcinoma
538,Kidney Renal Clear Cell Carcinoma
356,Kidney Renal Clear Cell Carcinoma
767,Kidney Renal Papillary Cell Carcinoma
694,Kidney Renal Papillary Cell Carcinoma
717,Kidney Renal Papillary Cell Carcinoma
590,Kidney Renal Clear Cell Carcinoma
498,Kidney Renal Clear Cell Carcinoma
312,Kidney Renal Clear Cell Carcinoma
529,Kidney Renal Clear Cell Carcinoma
828,Kidney Renal Papillary Cell Carcinoma
775,Kidney Renal Papillary Cell Carcinoma
853,Kidney Renal Papillary Cell Carcinoma
291,Kidney Renal Clear Cell Carcinoma
8,Kidney Chromophobe
692,Kidney Renal Papillary Cell Carcinoma
156,Kidney Renal Clear Cell Carcinoma
488,Kidney Renal Clear Cell Carcinoma
427,Kidney Renal Clear Cell Carcinoma
102,Kidney Renal Clear Cell Carcinoma
200,Kidney Renal Clear Cell Carcinoma
851,Kidney Renal Papillary Cell Carcinoma
347,Kidney Renal Clear Cell Carcinoma
300,Kidney Renal Clear Cell Carcinoma
378,Kidney Renal Clear Cell Carcinoma
358,Kidney Renal Clear Cell Carcinoma
724,Kidney Renal Papillary Cell Carcinoma
307,Kidney Renal Clear Cell Carcinoma
465,Kidney Renal Clear Cell Carcinoma
3,Kidney Chromophobe
251,Kidney Renal Clear Cell Carcinoma
846,Kidney Renal Papillary Cell Carcinoma
552,Kidney Renal Clear Cell Carcinoma
329,Kidney Renal Clear Cell Carcinoma
159,Kidney Renal Clear Cell Carcinoma
520,Kidney Renal Clear Cell Carcinoma
835,Kidney Renal Papillary Cell Carcinoma
668,Kidney Renal Papillary Cell Carcinoma
713,Kidney Renal Papillary Cell Carcinoma
607,Kidney Renal Clear Cell Carcinoma
622,Kidney Renal Papillary Cell Carcinoma
434,Kidney Renal Clear Cell Carcinoma
528,Kidney Renal Clear Cell Carcinoma
406,Kidney Renal Clear Cell Carcinoma
486,Kidney Renal Clear Cell Carcinoma
418,Kidney Renal Clear Cell Carcinoma
887,Kidney Renal Papillary Cell Carcinoma
658,Kidney Renal Papillary Cell Carcinoma
213,Kidney Renal Clear Cell Carcinoma
452,Kidney Renal Clear Cell Carcinoma
80,Kidney Renal Clear Cell Carcinoma
149,Kidney Renal Clear Cell Carcinoma
430,Kidney Renal Clear Cell Carcinoma
61,Kidney Chromophobe
397,Kidney Renal Clear Cell Carcinoma
395,Kidney Renal Clear Cell Carcinoma
446,Kidney Renal Clear Cell Carcinoma
817,Kidney Renal Papillary Cell Carcinoma
267,Kidney Renal Clear Cell Carcinoma
134,Kidney Renal Clear Cell Carcinoma
466,Kidney Renal Clear Cell Carcinoma
568,Kidney Renal Clear Cell Carcinoma
710,Kidney Renal Papillary Cell Carcinoma
457,Kidney Renal Clear Cell Carcinoma
637,Kidney Renal Papillary Cell Carcinoma
884,Kidney Renal Papillary Cell Carcinoma
339,Kidney Renal Clear Cell Carcinoma
432,Kidney Renal Clear Cell Carcinoma
689,Kidney Renal Papillary Cell Carcinoma
295,Kidney Renal Clear Cell Carcinoma
173,Kidney Renal Clear Cell Carcinoma
570,Kidney Renal Clear Cell Carcinoma
836,Kidney Renal Papillary Cell Carcinoma
334,Kidney Renal Clear Cell Carcinoma
807,Kidney Renal Papillary Cell Carcinoma
91,Kidney Renal Clear Cell Carcinoma
840,Kidney Renal Papillary Cell Carcinoma
182,Kidney Renal Clear Cell Carcinoma
686,Kidney Renal Papillary Cell Carcinoma
801,Kidney Renal Papillary Cell Carcinoma
70,Kidney Renal Clear Cell Carcinoma
132,Kidney Renal Clear Cell Carcinoma
399,Kidney Renal Clear Cell Carcinoma
859,Kidney Renal Papillary Cell Carcinoma
136,Kidney Renal Clear Cell Carcinoma
165,Kidney Renal Clear Cell Carcinoma
29,Kidney Chromophobe
495,Kidney Renal Clear Cell Carcinoma
194,Kidney Renal Clear Cell Carcinoma
310,Kidney Renal Clear Cell Carcinoma
576,Kidney Renal Clear Cell Carcinoma
508,Kidney Renal Clear Cell Carcinoma
383,Kidney Renal Clear Cell Carcinoma
141,Kidney Renal Clear Cell Carcinoma
174,Kidney Renal Clear Cell Carcinoma
7,Kidney Chromophobe
594,Kidney Renal Clear Cell Carcinoma
583,Kidney Renal Clear Cell Carcinoma
74,Kidney Renal Clear Cell Carcinoma
617,Kidney Renal Papillary Cell Carcinoma
382,Kidney Renal Clear Cell Carcinoma
698,Kidney Renal Papillary Cell Carcinoma
146,Kidney Renal Clear Cell Carcinoma
235,Kidney Renal Clear Cell Carcinoma
221,Kidney Renal Clear Cell Carcinoma
636,Kidney Renal Papillary Cell Carcinoma
391,Kidney Renal Clear Cell Carcinoma
133,Kidney Renal Clear Cell Carcinoma
458,Kidney Renal Clear Cell Carcinoma
507,Kidney Renal Clear Cell Carcinoma
186,Kidney Renal Clear Cell Carcinoma
42,Kidney Chromophobe
550,Kidney Renal Clear Cell Carcinoma
109,Kidney Renal Clear Cell Carcinoma
423,Kidney Renal Clear Cell Carcinoma
57,Kidney Chromophobe
324,Kidney Renal Clear Cell Carcinoma
441,Kidney Renal Clear Cell Carcinoma
824,Kidney Renal Papillary Cell Carcinoma
25,Kidney Chromophobe
353,Kidney Renal Clear Cell Carcinoma
431,Kidney Renal Clear Cell Carcinoma
437,Kidney Renal Clear Cell Carcinoma
52,Kidney Chromophobe
409,Kidney Renal Clear Cell Carcinoma
822,Kidney Renal Papillary Cell Carcinoma
674,Kidney Renal Papillary Cell Carcinoma
265,Kidney Renal Clear Cell Carcinoma
469,Kidney Renal Clear Cell Carcinoma
616,Kidney Renal Papillary Cell Carcinoma
412,Kidney Renal Clear Cell Carcinoma
797,Kidney Renal Papillary Cell Carcinoma
19,Kidney Chromophobe
645,Kidney Renal Papillary Cell Carcinoma
484,Kidney Renal Clear Cell Carcinoma
84,Kidney Renal Clear Cell Carcinoma
62,Kidney Chromophobe
273,Kidney Renal Clear Cell Carcinoma
286,Kidney Renal Clear Cell Carcinoma
360,Kidney Renal Clear Cell Carcinoma
750,Kidney Renal Papillary Cell Carcinoma
13,Kidney Chromophobe
183,Kidney Renal Clear Cell Carcinoma
536,Kidney Renal Clear Cell Carcinoma
555,Kidney Renal Clear Cell Carcinoma
224,Kidney Renal Clear Cell Carcinoma
569,Kidney Renal Clear Cell Carcinoma
632,Kidney Renal Papillary Cell Carcinoma
751,Kidney Renal Papillary Cell Carcinoma
405,Kidney Renal Clear Cell Carcinoma
526,Kidney Renal Clear Cell Carcinoma
549,Kidney Renal Clear Cell Carcinoma
177,Kidney Renal Clear Cell Carcinoma
603,Kidney Renal Clear Cell Carcinoma
747,Kidney Renal Papillary Cell Carcinoma
164,Kidney Renal Clear Cell Carcinoma
249,Kidney Renal Clear Cell Carcinoma
573,Kidney Renal Clear Cell Carcinoma
793,Kidney Renal Papillary Cell Carcinoma
75,Kidney Renal Clear Cell Carcinoma
114,Kidney Renal Clear Cell Carcinoma
513,Kidney Renal Clear Cell Carcinoma
788,Kidney Renal Papillary Cell Carcinoma
105,Kidney Renal Clear Cell Carcinoma
115,Kidney Renal Clear Cell Carcinoma
537,Kidney Renal Clear Cell Carcinoma
93,Kidney Renal Clear Cell Carcinoma
500,Kidney Renal Clear Cell Carcinoma
90,Kidney Renal Clear Cell Carcinoma
337,Kidney Renal Clear Cell Carcinoma
886,Kidney Renal Papillary Cell Carcinoma
823,Kidney Renal Papillary Cell Carcinoma
834,Kidney Renal Papillary Cell Carcinoma
546,Kidney Renal Clear Cell Carcinoma
635,Kidney Renal Papillary Cell Carcinoma
95,Kidney Renal Clear Cell Carcinoma
12,Kidney Chromophobe
433,Kidney Renal Clear Cell Carcinoma
44,Kidney Chromophobe
43,Kidney Chromophobe
330,Kidney Renal Clear Cell Carcinoma
168,Kidney Renal Clear Cell Carcinoma
784,Kidney Renal Papillary Cell Carcinoma
540,Kidney Renal Clear Cell Carcinoma
680,Kidney Renal Papillary Cell Carcinoma
502,Kidney Renal Clear Cell Carcinoma
179,Kidney Renal Clear Cell Carcinoma
586,Kidney Renal Clear Cell Carcinoma
789,Kidney Renal Papillary Cell Carcinoma
596,Kidney Renal Clear Cell Carcinoma
178,Kidney Renal Clear Cell Carcinoma
629,Kidney Renal Papillary Cell Carcinoma
714,Kidney Renal Papillary Cell Carcinoma
618,Kidney Renal Papillary Cell Carcinoma
384,Kidney Renal Clear Cell Carcinoma
258,Kidney Renal Clear Cell Carcinoma
440,Kidney Renal Clear Cell Carcinoma
336,Kidney Renal Clear Cell Carcinoma
742,Kidney Renal Papillary Cell Carcinoma
16,Kidney Chromophobe
4,Kidney Chromophobe
413,Kidney Renal Clear Cell Carcinoma
257,Kidney Renal Clear Cell Carcinoma
454,Kidney Renal Clear Cell Carcinoma
855,Kidney Renal Papillary Cell Carcinoma
661,Kidney Renal Papillary Cell Carcinoma
394,Kidney Renal Clear Cell Carcinoma
223,Kidney Renal Clear Cell Carcinoma
825,Kidney Renal Papillary Cell Carcinoma
827,Kidney Renal Papillary Cell Carcinoma
606,Kidney Renal Clear Cell Carcinoma
325,Kidney Renal Clear Cell Carcinoma
533,Kidney Renal Clear Cell Carcinoma
10,Kidney Chromophobe
250,Kidney Renal Clear Cell Carcinoma
23,Kidney Chromophobe
357,Kidney Renal Clear Cell Carcinoma
222,Kidney Renal Clear Cell Carcinoma
604,Kidney Renal Clear Cell Carcinoma
771,Kidney Renal Papillary Cell Carcinoma
881,Kidney Renal Papillary Cell Carcinoma
531,Kidney Renal Clear Cell Carcinoma
341,Kidney Renal Clear Cell Carcinoma
862,Kidney Renal Papillary Cell Carcinoma
522,Kidney Renal Clear Cell Carcinoma
204,Kidney Renal Clear Cell Carcinoma
238,Kidney Renal Clear Cell Carcinoma
94,Kidney Renal Clear Cell Carcinoma
487,Kidney Renal Clear Cell Carcinoma
443,Kidney Renal Clear Cell Carcinoma
820,Kidney Renal Papillary Cell Carcinoma
285,Kidney Renal Clear Cell Carcinoma
185,Kidney Renal Clear Cell Carcinoma
723,Kidney Renal Papillary Cell Carcinoma
435,Kidney Renal Clear Cell Carcinoma
482,Kidney Renal Clear Cell Carcinoma
154,Kidney Renal Clear Cell Carcinoma
76,Kidney Renal Clear Cell Carcinoma
660,Kidney Renal Papillary Cell Carcinoma
553,Kidney Renal Clear Cell Carcinoma
278,Kidney Renal Clear Cell Carcinoma
69,Kidney Renal Clear Cell Carcinoma
849,Kidney Renal Papillary Cell Carcinoma
189,Kidney Renal Clear Cell Carcinoma
272,Kidney Renal Clear Cell Carcinoma
666,Kidney Renal Papillary Cell Carcinoma
558,Kidney Renal Clear Cell Carcinoma
237,Kidney Renal Clear Cell Carcinoma
89,Kidney Renal Clear Cell Carcinoma
762,Kidney Renal Papillary Cell Carcinoma
118,Kidney Renal Clear Cell Carcinoma
126,Kidney Renal Clear Cell Carcinoma
736,Kidney Renal Papillary Cell Carcinoma
290,Kidney Renal Clear Cell Carcinoma
239,Kidney Renal Clear Cell Carcinoma
1,Kidney Chromophobe
888,Kidney Renal Papillary Cell Carcinoma
584,Kidney Renal Clear Cell Carcinoma
781,Kidney Renal Papillary Cell Carcinoma
396,Kidney Renal Clear Cell Carcinoma
534,Kidney Renal Clear Cell Carcinoma
127,Kidney Renal Clear Cell Carcinoma
279,Kidney Renal Clear Cell Carcinoma
695,Kidney Renal Papillary Cell Carcinoma
117,Kidney Renal Clear Cell Carcinoma
229,Kidney Renal Clear Cell Carcinoma
626,Kidney Renal Papillary Cell Carcinoma
659,Kidney Renal Papillary Cell Carcinoma
523,Kidney Renal Clear Cell Carcinoma
519,Kidney Renal Clear Cell Carcinoma
275,Kidney Renal Clear Cell Carcinoma
319,Kidney Renal Clear Cell Carcinoma
780,Kidney Renal Papillary Cell Carcinoma
145,Kidney Renal Clear Cell Carcinoma
690,Kidney Renal Papillary Cell Carcinoma
860,Kidney Renal Papillary Cell Carcinoma
815,Kidney Renal Papillary Cell Carcinoma
718,Kidney Renal Papillary Cell Carcinoma
370,Kidney Renal Clear Cell Carcinoma
269,Kidney Renal Clear Cell Carcinoma
627,Kidney Renal Papillary Cell Carcinoma
308,Kidney Renal Clear Cell Carcinoma
424,Kidney Renal Clear Cell Carcinoma
311,Kidney Renal Clear Cell Carcinoma
355,Kidney Renal Clear Cell Carcinoma
47,Kidney Chromophobe
350,Kidney Renal Clear Cell Carcinoma
372,Kidney Renal Clear Cell Carcinoma
480,Kidney Renal Clear Cell Carcinoma
579,Kidney Renal Clear Cell Carcinoma
262,Kidney Renal Clear Cell Carcinoma
196,Kidney Renal Clear Cell Carcinoma
897,Kidney Renal Papillary Cell Carcinoma
796,Kidney Renal Papillary Cell Carcinoma
108,Kidney Renal Clear Cell Carcinoma
873,Kidney Renal Papillary Cell Carcinoma
60,Kidney Chromophobe
877,Kidney Renal Papillary Cell Carcinoma
264,Kidney Renal Clear Cell Carcinoma
571,Kidney Renal Clear Cell Carcinoma
101,Kidney Renal Clear Cell Carcinoma
444,Kidney Renal Clear Cell Carcinoma
491,Kidney Renal Clear Cell Carcinoma
652,Kidney Renal Papillary Cell Carcinoma
805,Kidney Renal Papillary Cell Carcinoma
644,Kidney Renal Papillary Cell Carcinoma
170,Kidney Renal Clear Cell Carcinoma
180,Kidney Renal Clear Cell Carcinoma
305,Kidney Renal Clear Cell Carcinoma
342,Kidney Renal Clear Cell Carcinoma
58,Kidney Chromophobe
865,Kidney Renal Papillary Cell Carcinoma
150,Kidney Renal Clear Cell Carcinoma
125,Kidney Renal Clear Cell Carcinoma
707,Kidney Renal Papillary Cell Carcinoma
51,Kidney Chromophobe
354,Kidney Renal Clear Cell Carcinoma
829,Kidney Renal Papillary Cell Carcinoma
143,Kidney Renal Clear Cell Carcinoma
471,Kidney Renal Clear Cell Carcinoma
400,Kidney Renal Clear Cell Carcinoma
831,Kidney Renal Papillary Cell Carcinoma
321,Kidney Renal Clear Cell Carcinoma
20,Kidney Chromophobe
758,Kidney Renal Papillary Cell Carcinoma
711,Kidney Renal Papillary Cell Carcinoma
802,Kidney Renal Papillary Cell Carcinoma
408,Kidney Renal Clear Cell Carcinoma
560,Kidney Renal Clear Cell Carcinoma
39,Kidney Chromophobe
176,Kidney Renal Clear Cell Carcinoma
246,Kidney Renal Clear Cell Carcinoma
745,Kidney Renal Papillary Cell Carcinoma
605,Kidney Renal Clear Cell Carcinoma
678,Kidney Renal Papillary Cell Carcinoma
769,Kidney Renal Papillary Cell Carcinoma
155,Kidney Renal Clear Cell Carcinoma
288,Kidney Renal Clear Cell Carcinoma
543,Kidney Renal Clear Cell Carcinoma
18,Kidney Chromophobe
128,Kidney Renal Clear Cell Carcinoma
323,Kidney Renal Clear Cell Carcinoma
256,Kidney Renal Clear Cell Carcinoma
595,Kidney Renal Clear Cell Carcinoma
863,Kidney Renal Papillary Cell Carcinoma
191,Kidney Renal Clear Cell Carcinoma
116,Kidney Renal Clear Cell Carcinoma
715,Kidney Renal Papillary Cell Carcinoma
181,Kidney Renal Clear Cell Carcinoma
302,Kidney Renal Clear Cell Carcinoma
683,Kidney Renal Papillary Cell Carcinoma
670,Kidney Renal Papillary Cell Carcinoma
653,Kidney Renal Papillary Cell Carcinoma
619,Kidney Renal Papillary Cell Carcinoma
599,Kidney Renal Clear Cell Carcinoma
518,Kidney Renal Clear Cell Carcinoma
882,Kidney Renal Papillary Cell Carcinoma
46,Kidney Chromophobe
813,Kidney Renal Papillary Cell Carcinoma
158,Kidney Renal Clear Cell Carcinoma
669,Kidney Renal Papillary Cell Carcinoma
172,Kidney Renal Clear Cell Carcinoma
17,Kidney Chromophobe
512,Kidney Renal Clear Cell Carcinoma
49,Kidney Chromophobe
869,Kidney Renal Papillary Cell Carcinoma
754,Kidney Renal Papillary Cell Carcinoma
516,Kidney Renal Clear Cell Carcinoma
716,Kidney Renal Papillary Cell Carcinoma
481,Kidney Renal Clear Cell Carcinoma
284,Kidney Renal Clear Cell Carcinoma
592,Kidney Renal Clear Cell Carcinoma
226,Kidney Renal Clear Cell Carcinoma
27,Kidney Chromophobe
812,Kidney Renal Papillary Cell Carcinoma
438,Kidney Renal Clear Cell Carcinoma
850,Kidney Renal Papillary Cell Carcinoma
365,Kidney Renal Clear Cell Carcinoma
230,Kidney Renal Clear Cell Carcinoma
38,Kidney Chromophobe
864,Kidney Renal Papillary Cell Carcinoma
375,Kidney Renal Clear Cell Carcinoma
470,Kidney Renal Clear Cell Carcinoma
866,Kidney Renal Papillary Cell Carcinoma
763,Kidney Renal Papillary Cell Carcinoma
731,Kidney Renal Papillary Cell Carcinoma
195,Kidney Renal Clear Cell Carcinoma
765,Kidney Renal Papillary Cell Carcinoma
774,Kidney Renal Papillary Cell Carcinoma
504,Kidney Renal Clear Cell Carcinoma
868,Kidney Renal Papillary Cell Carcinoma
746,Kidney Renal Papillary Cell Carcinoma
580,Kidney Renal Clear Cell Carcinoma
867,Kidney Renal Papillary Cell Carcinoma
163,Kidney Renal Clear Cell Carcinoma
634,Kidney Renal Papillary Cell Carcinoma
153,Kidney Renal Clear Cell Carcinoma
889,Kidney Renal Papillary Cell Carcinoma
800,Kidney Renal Papillary Cell Carcinoma
679,Kidney Renal Papillary Cell Carcinoma
112,Kidney Renal Clear Cell Carcinoma
227,Kidney Renal Clear Cell Carcinoma
621,Kidney Renal Papillary Cell Carcinoma
104,Kidney Renal Clear Cell Carcinoma
422,Kidney Renal Clear Cell Carcinoma
420,Kidney Renal Clear Cell Carcinoma
587,Kidney Renal Clear Cell Carcinoma
120,Kidney Renal Clear Cell Carcinoma
54,Kidney Chromophobe
152,Kidney Renal Clear Cell Carcinoma
404,Kidney Renal Clear Cell Carcinoma
845,Kidney Renal Papillary Cell Carcinoma
208,Kidney Renal Clear Cell Carcinoma
757,Kidney Renal Papillary Cell Carcinoma
685,Kidney Renal Papillary Cell Carcinoma
9,Kidney Chromophobe
755,Kidney Renal Papillary Cell Carcinoma
37,Kidney Chromophobe
453,Kidney Renal Clear Cell Carcinoma
254,Kidney Renal Clear Cell Carcinoma
304,Kidney Renal Clear Cell Carcinoma
671,Kidney Renal Papillary Cell Carcinoma
572,Kidney Renal Clear Cell Carcinoma
624,Kidney Renal Papillary Cell Carcinoma
712,Kidney Renal Papillary Cell Carcinoma
696,Kidney Renal Papillary Cell Carcinoma
263,Kidney Renal Clear Cell Carcinoma
611,Kidney Renal Papillary Cell Carcinoma
298,Kidney Renal Clear Cell Carcinoma
415,Kidney Renal Clear Cell Carcinoma
151,Kidney Renal Clear Cell Carcinoma
709,Kidney Renal Papillary Cell Carcinoma
795,Kidney Renal Papillary Cell Carcinoma
551,Kidney Renal Clear Cell Carcinoma
489,Kidney Renal Clear Cell Carcinoma
148,Kidney Renal Clear Cell Carcinoma
147,Kidney Renal Clear Cell Carcinoma
650,Kidney Renal Papillary Cell Carcinoma
847,Kidney Renal Papillary Cell Carcinoma
665,Kidney Renal Papillary Cell Carcinoma
349,Kidney Renal Clear Cell Carcinoma
464,Kidney Renal Clear Cell Carcinoma
326,Kidney Renal Clear Cell Carcinoma
187,Kidney Renal Clear Cell Carcinoma
124,Kidney Renal Clear Cell Carcinoma
791,Kidney Renal Papillary Cell Carcinoma
609,Kidney Renal Papillary Cell Carcinoma
144,Kidney Renal Clear Cell Carcinoma
895,Kidney Renal Papillary Cell Carcinoma
198,Kidney Renal Clear Cell Carcinoma
610,Kidney Renal Papillary Cell Carcinoma
280,Kidney Renal Clear Cell Carcinoma
294,Kidney Renal Clear Cell Carcinoma
401,Kidney Renal Clear Cell Carcinoma
123,Kidney Renal Clear Cell Carcinoma
184,Kidney Renal Clear Cell Carcinoma
203,Kidney Renal Clear Cell Carcinoma
439,Kidney Renal Clear Cell Carcinoma
247,Kidney Renal Clear Cell Carcinoma
416,Kidney Renal Clear Cell Carcinoma
794,Kidney Renal Papillary Cell Carcinoma
130,Kidney Renal Clear Cell Carcinoma
638,Kidney Renal Papillary Cell Carcinoma
403,Kidney Renal Clear Cell Carcinoma
705,Kidney Renal Papillary Cell Carcinoma
693,Kidney Renal Papillary Cell Carcinoma
816,Kidney Renal Papillary Cell Carcinoma
220,Kidney Renal Clear Cell Carcinoma
642,Kidney Renal Papillary Cell Carcinoma
818,Kidney Renal Papillary Cell Carcinoma
676,Kidney Renal Papillary Cell Carcinoma
821,Kidney Renal Papillary Cell Carcinoma
625,Kidney Renal Papillary Cell Carcinoma
752,Kidney Renal Papillary Cell Carcinoma
740,Kidney Renal Papillary Cell Carcinoma
387,Kidney Renal Clear Cell Carcinoma
870,Kidney Renal Papillary Cell Carcinoma
510,Kidney Renal Clear Cell Carcinoma
268,Kidney Renal Clear Cell Carcinoma
737,Kidney Renal Papillary Cell Carcinoma
442,Kidney Renal Clear Cell Carcinoma
497,Kidney Renal Clear Cell Carcinoma
113,Kidney Renal Clear Cell Carcinoma
233,Kidney Renal Clear Cell Carcinoma
779,Kidney Renal Papillary Cell Carcinoma
608,Kidney Renal Papillary Cell Carcinoma
672,Kidney Renal Papillary Cell Carcinoma
374,Kidney Renal Clear Cell Carcinoma
879,Kidney Renal Papillary Cell Carcinoma
756,Kidney Renal Papillary Cell Carcinoma
234,Kidney Renal Clear Cell Carcinoma
706,Kidney Renal Papillary Cell Carcinoma
677,Kidney Renal Papillary Cell Carcinoma
318,Kidney Renal Clear Cell Carcinoma
649,Kidney Renal Papillary Cell Carcinoma
411,Kidney Renal Clear Cell Carcinoma
804,Kidney Renal Papillary Cell Carcinoma
359,Kidney Renal Clear Cell Carcinoma
259,Kidney Renal Clear Cell Carcinoma
628,Kidney Renal Papillary Cell Carcinoma
633,Kidney Renal Papillary Cell Carcinoma
283,Kidney Renal Clear Cell Carcinoma
377,Kidney Renal Clear Cell Carcinoma
385,Kidney Renal Clear Cell Carcinoma
225,Kidney Renal Clear Cell Carcinoma
852,Kidney Renal Papillary Cell Carcinoma
732,Kidney Renal Papillary Cell Carcinoma
473,Kidney Renal Clear Cell Carcinoma
348,Kidney Renal Clear Cell Carcinoma
506,Kidney Renal Clear Cell Carcinoma
640,Kidney Renal Papillary Cell Carcinoma
885,Kidney Renal Papillary Cell Carcinoma
830,Kidney Renal Papillary Cell Carcinoma
809,Kidney Renal Papillary Cell Carcinoma
620,Kidney Renal Papillary Cell Carcinoma
766,Kidney Renal Papillary Cell Carcinoma
646,Kidney Renal Papillary Cell Carcinoma
759,Kidney Renal Papillary Cell Carcinoma
557,Kidney Renal Clear Cell Carcinoma
856,Kidney Renal Papillary Cell Carcinoma
578,Kidney Renal Clear Cell Carcinoma
86,Kidney Renal Clear Cell Carcinoma
243,Kidney Renal Clear Cell Carcinoma
699,Kidney Renal Papillary Cell Carcinoma
160,Kidney Renal Clear Cell Carcinoma
525,Kidney Renal Clear Cell Carcinoma
36,Kidney Chromophobe
541,Kidney Renal Clear Cell Carcinoma
171,Kidney Renal Clear Cell Carcinoma
655,Kidney Renal Papillary Cell Carcinoma
768,Kidney Renal Papillary Cell Carcinoma
760,Kidney Renal Papillary Cell Carcinoma
844,Kidney Renal Papillary Cell Carcinoma
734,Kidney Renal Papillary Cell Carcinoma
96,Kidney Renal Clear Cell Carcinoma
564,Kidney Renal Clear Cell Carcinoma
241,Kidney Renal Clear Cell Carcinoma
575,Kidney Renal Clear Cell Carcinoma
691,Kidney Renal Papillary Cell Carcinoma
461,Kidney Renal Clear Cell Carcinoma
554,Kidney Renal Clear Cell Carcinoma
785,Kidney Renal Papillary Cell Carcinoma
207,Kidney Renal Clear Cell Carcinoma
393,Kidney Renal Clear Cell Carcinoma
398,Kidney Renal Clear Cell Carcinoma
761,Kidney Renal Papillary Cell Carcinoma
218,Kidney Renal Clear Cell Carcinoma
5,Kidney Chromophobe
643,Kidney Renal Papillary Cell Carcinoma
803,Kidney Renal Papillary Cell Carcinoma
613,Kidney Renal Papillary Cell Carcinoma
739,Kidney Renal Papillary Cell Carcinoma
547,Kidney Renal Clear Cell Carcinoma
726,Kidney Renal Papillary Cell Carcinoma
684,Kidney Renal Papillary Cell Carcinoma
99,Kidney Renal Clear Cell Carcinoma
728,Kidney Renal Papillary Cell Carcinoma
574,Kidney Renal Clear Cell Carcinoma
407,Kidney Renal Clear Cell Carcinoma
503,Kidney Renal Clear Cell Carcinoma
48,Kidney Chromophobe
33,Kidney Chromophobe
201,Kidney Renal Clear Cell Carcinoma
135,Kidney Renal Clear Cell Carcinoma
28,Kidney Chromophobe
787,Kidney Renal Papillary Cell Carcinoma
231,Kidney Renal Clear Cell Carcinoma
490,Kidney Renal Clear Cell Carcinoma
379,Kidney Renal Clear Cell Carcinoma
289,Kidney Renal Clear Cell Carcinoma
419,Kidney Renal Clear Cell Carcinoma
675,Kidney Renal Papillary Cell Carcinoma
392,Kidney Renal Clear Cell Carcinoma
593,Kidney Renal Clear Cell Carcinoma
499,Kidney Renal Clear Cell Carcinoma
139,Kidney Renal Clear Cell Carcinoma
63,Kidney Chromophobe
472,Kidney Renal Clear Cell Carcinoma
648,Kidney Renal Papillary Cell Carcinoma
129,Kidney Renal Clear Cell Carcinoma
874,Kidney Renal Papillary Cell Carcinoma
521,Kidney Renal Clear Cell Carcinoma
65,Kidney Chromophobe
15,Kidney Chromophobe
157,Kidney Renal Clear Cell Carcinoma
41,Kidney Chromophobe
493,Kidney Renal Clear Cell Carcinoma
380,Kidney Renal Clear Cell Carcinoma
188,Kidney Renal Clear Cell Carcinoma
764,Kidney Renal Papillary Cell Carcinoma
217,Kidney Renal Clear Cell Carcinoma
792,Kidney Renal Papillary Cell Carcinoma
53,Kidney Chromophobe
338,Kidney Renal Clear Cell Carcinoma
749,Kidney Renal Papillary Cell Carcinoma
720,Kidney Renal Papillary Cell Carcinoma
725,Kidney Renal Papillary Cell Carcinoma
296,Kidney Renal Clear Cell Carcinoma
702,Kidney Renal Papillary Cell Carcinoma
252,Kidney Renal Clear Cell Carcinoma
727,Kidney Renal Papillary Cell Carcinoma
462,Kidney Renal Clear Cell Carcinoma
456,Kidney Renal Clear Cell Carcinoma
894,Kidney Renal Papillary Cell Carcinoma
270,Kidney Renal Clear Cell Carcinoma
202,Kidney Renal Clear Cell Carcinoma
162,Kidney Renal Clear Cell Carcinoma
556,Kidney Renal Clear Cell Carcinoma
730,Kidney Renal Papillary Cell Carcinoma
402,Kidney Renal Clear Cell Carcinoma
703,Kidney Renal Papillary Cell Carcinoma
477,Kidney Renal Clear Cell Carcinoma
772,Kidney Renal Papillary Cell Carcinoma
106,Kidney Renal Clear Cell Carcinoma
566,Kidney Renal Clear Cell Carcinoma
390,Kidney Renal Clear Cell Carcinoma
2,Kidney Chromophobe
838,Kidney Renal Papillary Cell Carcinoma
562,Kidney Renal Clear Cell Carcinoma
81,Kidney Renal Clear Cell Carcinoma
206,Kidney Renal Clear Cell Carcinoma
35,Kidney Chromophobe
776,Kidney Renal Papillary Cell Carcinoma
509,Kidney Renal Clear Cell Carcinoma
428,Kidney Renal Clear Cell Carcinoma
455,Kidney Renal Clear Cell Carcinoma
367,Kidney Renal Clear Cell Carcinoma
92,Kidney Renal Clear Cell Carcinoma
340,Kidney Renal Clear Cell Carcinoma
565,Kidney Renal Clear Cell Carcinoma
346,Kidney Renal Clear Cell Carcinoma
777,Kidney Renal Papillary Cell Carcinoma
242,Kidney Renal Clear Cell Carcinoma
14,Kidney Chromophobe
316,Kidney Renal Clear Cell Carcinoma
601,Kidney Renal Clear Cell Carcinoma
388,Kidney Renal Clear Cell Carcinoma
274,Kidney Renal Clear Cell Carcinoma
167,Kidney Renal Clear Cell Carcinoma
890,Kidney Renal Papillary Cell Carcinoma
647,Kidney Renal Papillary Cell Carcinoma
819,Kidney Renal Papillary Cell Carcinoma
485,Kidney Renal Clear Cell Carcinoma
878,Kidney Renal Papillary Cell Carcinoma
505,Kidney Renal Clear Cell Carcinoma
832,Kidney Renal Papillary Cell Carcinoma
244,Kidney Renal Clear Cell Carcinoma
567,Kidney Renal Clear Cell Carcinoma
563,Kidney Renal Clear Cell Carcinoma
687,Kidney Renal Papillary Cell Carcinoma
190,Kidney Renal Clear Cell Carcinoma
783,Kidney Renal Papillary Cell Carcinoma
700,Kidney Renal Papillary Cell Carcinoma
476,Kidney Renal Clear Cell Carcinoma
682,Kidney Renal Papillary Cell Carcinoma
511,Kidney Renal Clear Cell Carcinoma
59,Kidney Chromophobe
475,Kidney Renal Clear Cell Carcinoma
561,Kidney Renal Clear Cell Carcinoma
857,Kidney Renal Papillary Cell Carcinoma
748,Kidney Renal Papillary Cell Carcinoma
253,Kidney Renal Clear Cell Carcinoma
22,Kidney Chromophobe
314,Kidney Renal Clear Cell Carcinoma
460,Kidney Renal Clear Cell Carcinoma
161,Kidney Renal Clear Cell Carcinoma
277,Kidney Renal Clear Cell Carcinoma
192,Kidney Renal Clear Cell Carcinoma
386,Kidney Renal Clear Cell Carcinoma
806,Kidney Renal Papillary Cell Carcinoma
414,Kidney Renal Clear Cell Carcinoma
492,Kidney Renal Clear Cell Carcinoma
344,Kidney Renal Clear Cell Carcinoma
770,Kidney Renal Papillary Cell Carcinoma
309,Kidney Renal Clear Cell Carcinoma
662,Kidney Renal Papillary Cell Carcinoma
131,Kidney Renal Clear Cell Carcinoma
664,Kidney Renal Papillary Cell Carcinoma
872,Kidney Renal Papillary Cell Carcinoma
100,Kidney Renal Clear Cell Carcinoma
373,Kidney Renal Clear Cell Carcinoma
88,Kidney Renal Clear Cell Carcinoma
459,Kidney Renal Clear Cell Carcinoma
331,Kidney Renal Clear Cell Carcinoma
215,Kidney Renal Clear Cell Carcinoma
467,Kidney Renal Clear Cell Carcinoma
122,Kidney Renal Clear Cell Carcinoma
615,Kidney Renal Papillary Cell Carcinoma
21,Kidney Chromophobe
701,Kidney Renal Papillary Cell Carcinoma
72,Kidney Renal Clear Cell Carcinoma
107,Kidney Renal Clear Cell Carcinoma
271,Kidney Renal Clear Cell Carcinoma
861,Kidney Renal Papillary Cell Carcinoma
436,Kidney Renal Clear Cell Carcinoma
103,Kidney Renal Clear Cell Carcinoma
